fpar,nirv,nirvp,lue,lai,glass_lai,apar,norm_nirv_glass,norm_nirv_modis,type,name,Lat,Lon,new_type
0.57,0.21856483185430098,55.46556046276835,0.050442775685576396,1.400000025,2.7125000000000004,163.693492441422,0.08501726425439785,0.15589373446188848,DBF,IT-PT1,45.2009,9.061,DBF
0.855,0.154992171230235,28.1730555666989,0.0457938336000104,4.44999995,4.3,157.15837265625,0.03593380265026025,0.03482629423404472,mid_EBF,AU-Tum,-35.6566,148.1517,mid_EBF
0.52125,0.1523116270530115,50.321859261208544,0.01661540273469765,1.35,1.3875000000000002,176.70524669444,0.12144410724793453,0.12325245065830634,GRA,CN-Du2,42.0467,116.2836,GRA
0.4725,0.218717477552725,78.8538020868135,0.0735405428541832,1.05000005,1.475,138.78331125,0.13658769604033014,0.15784679356035064,CRO,FR-EM2,49.87211,3.02065,CRO
0.5325,0.226674437385574,50.56529993682765,0.0504040240935097,1.35625004375,2.15625,128.4856708886095,0.10169148814198983,0.14850779948398257,CRO,US-Ro2,44.7288,-93.0888,CRO
0.615,0.163933073929961,34.0938613360324,0.0357044030420699,1.225,3.5625,126.971874999795,0.05787230666931084,0.11741952580131525,MF,JP-SMF,35.2617,137.0788,MF
0.635,0.172811446740859,56.0269914389424,0.0285614835499602,1.8500000375,1.3,205.821303239104,0.13567131782945716,0.09398895710727136,WET,US-BZF,64.7013,-148.3121,WET
0.71,0.244733764044944,74.2530642076978,0.0259563324822855,2.125000025,2.925,186.375107692813,0.08149647507107542,0.11926532625741579,GRA,CA-MA3,50.1774,-97.8686,GRA
0.695,0.354910359478137,146.3756700729725,0.06002371321153225,2.1000000625,3.4,298.80520332749995,0.10011946532621158,0.1573899752557939,CRO,US-Ne1,41.1651,-96.4766,CRO
0.49,0.158641080196399,59.5102412638165,0.0740123300386465,1.2,1.5125,158.291210156378,0.11317941136943929,0.1669364595545137,CRO,FR-Gri,48.8442,1.9519,CRO
0.666666666666667,0.246837278481013,79.8701672890625,0.0349703035558159,2.4000001,4.55,240.403404375,0.05667024118324729,0.08147373134328362,WET,US-NC4,35.7879,-75.9038,WET
0.400625,0.09699790847585521,13.89470241815875,0.04690691322928905,0.7124999999999999,1.3250000000000002,59.25207495471015,0.07535692052080062,0.139434683369224,ENF,US-xBN,65.154,-147.5026,ENF
0.13,0.0445408293460925,21.3002090675467,0.0235623305612919,0.2,0.2,62.6034615528541,0.172618085106383,0.224301680672269,OSH,US-Jo2,32.5849,-106.6032,OSH
0.22,0.0627414323825159,20.054920693194,0.0134201804551214,0.3,0.3,66.4165802083333,0.1841471442400775,0.20418013590816608,OSH,US-xSR,31.9107,-110.8355,OSH
0.759375,0.369423677468938,163.1547673810175,0.05796936388670795,2.5,3.425,324.70451388891354,0.10549511204047024,0.14065958330845837,CRO,US-Ne2,41.1649,-96.4701,CRO
0.575,0.1569260843642725,68.0320958128788,0.029142233022134797,1.775,1.5,231.83302024534498,0.10806221419357412,0.09755853053252847,DBF,ZM-Mon,-15.4391,23.2525,DBF
0.57,0.213242150537634,91.4373975166266,0.0295473972933895,1.2,1.95,245.650986473889,0.1104745721568151,0.1673684826006144,WET,US-Tw5,38.1072,-121.6426,WET
0.4925,0.19332278063341,108.022529064926,0.0562171036835699,1.2875000625,2.0625,267.35526083333355,0.09167889633395443,0.15529452244152386,CRO,US-A74,36.8085,-97.5489,CRO
0.56,0.09967749170077064,16.777237376597952,0.03895778933886465,1.30000005,1.875,92.8048549999935,0.052153628443949884,0.07772832621226493,ENF,CA-Obs,53.9872,-105.1178,ENF
0.69,0.27588424781162546,53.89023793154065,0.0376168178057488,2.0750000125000003,3.0875000000000004,139.040702769375,0.09013583462030189,0.13127940708519495,GRA,NL-Hor,52.2403,5.0713,GRA
0.595,0.1276972797131365,13.460117864725,0.05935172620361865,1.400000025,2.10625,62.778003385329754,0.05295146490724224,0.09701127038659083,ENF,DE-Tha,50.9626,13.5651,ENF
0.83375,0.346919549123392,80.30109279360815,0.0362778714814459,4.328125034375,5.63125,194.0688046875,0.06283834158166596,0.07322640055908086,DBF,US-xST,45.5089,-89.5864,DBF
0.26291666666666647,0.0620408609731146,20.241095115686797,0.015219288601976001,0.5,0.5,83.24770356901935,0.12658772648755923,0.13862776143332928,OSH,ES-LJu,36.9266,-2.7521,OSH
0.60875,0.16563597715045,26.992275283024952,0.043952107508118995,1.625000020833335,1.5875,100.63202500021,0.10357799612990248,0.1001088435425304,WET,FI-Lom,67.9972,24.2092,WET
0.56,0.175935423365488,47.9476495444277,0.023377683817066,1.3000001,1.3875,149.862052083333,0.11184887044852983,0.13187831938289887,GRA,US-xNG,46.7697,-100.9154,GRA
0.876875,0.2900651185818785,52.14175104898075,0.060029062041418196,4.61250004375,4.6875,135.8834746689065,0.06637899638482142,0.068753634485785,DBF,DK-Sor,55.4859,11.6446,DBF
0.64,0.160472290172923,23.4562386213551,0.0486323175434294,1.75000005,2.8,90.71173515,0.057930528450520526,0.09294357023974656,ENF,US-CS2,44.1467,-89.5002,ENF
0.18,0.05359549818253935,26.3773916575497,0.0139236429180239,0.3,0.3,89.60067142314585,0.1604548766903903,0.17246580351591,OSH,US-Whs,31.7438,-110.0522,OSH
0.55,0.153625313152401,84.6390117602787,0.0321991106762742,1.825,0.9,288.317078579583,0.1689362858307294,0.0883090967249821,WET,US-Srr,38.2006,-122.0264,WET
0.870625,0.178819934248093,26.2599140894701,0.0335790182112251,5.01250005,4.481249999999999,118.46952555749999,0.03967303693814943,0.0368298958760121,mid_EBF,AU-Wom,-37.4222,144.0944,mid_EBF
0.6912499999999999,0.1364443199889705,21.36450563485035,0.042730519853576454,1.71250005,2.4124999999999996,104.2544287820215,0.0544376943764437,0.08233221765506007,ENF,IT-SR2,43.732,10.2909,ENF
0.495,0.168727962778043,106.268637107113,0.0221696360240375,1.6125,1.56875,300.633915105,0.11425077441028225,0.10336575783174945,WSA,AU-RDF,-14.5636,132.4776,WSA
0.3525,0.124085408809023,42.49505000829315,0.02392111609510455,0.75,0.7,126.768193611111,0.17191711661004455,0.16341323807672858,GRA,US-AR2,36.6358,-99.5975,GRA
0.785,0.324118226346997,135.988234744265,0.03328277064558,4.1625,5.4,318.9597625,0.06403159178054894,0.07758331821755628,DBF,US-xGR,35.689,-83.5019,DBF
0.3925,0.136005720758533,23.3825532121803,0.033050944531031606,0.6875,0.5125,76.46386927071126,0.25115849263662904,0.1847455413175924,WET,US-Atq,70.4696,-157.4089,WET
0.77,0.364180477369962,122.858049304726,0.0548570306039899,2.5,4.9,261.33214902885,0.07745433798847476,0.14065105382714993,CRO,US-Ro5,44.691,-93.0576,CRO
0.65,0.2508170300686495,75.72810555511134,0.0395456995847275,2.0,2.59375,200.058037760663,0.09716491943134511,0.1227581812052807,GRA,US-IB2,41.8406,-88.241,GRA
0.575625,0.1232099031851275,17.34691278049145,0.058991243143442396,1.325000041666665,2.60625,74.85260154094499,0.047357346822012356,0.09681576055344007,ENF,DE-Obe,50.7867,13.7213,ENF
0.42374999999999996,0.14021382185443299,26.31835772801915,0.028198775158778902,1.0875,1.81875,92.8646118229165,0.07803266348601727,0.11278368875005229,ENF,CA-NS4,55.9144,-98.3806,ENF
0.355,0.08702918712235355,19.345150573039852,0.0215591663553007,0.5375,0.65625,80.1668943,0.13120456233144806,0.15676396372676618,SAV,AU-Cpr,-34.0021,140.5891,SAV
0.5325,0.151535885167464,25.5192201041456,0.0246780953940662,1.15,1.5125,90.09822121875,0.10152416962743273,0.131091268358668,WET,CA-ARB,52.695,-83.9452,WET
0.766666666666667,0.181245561012467,40.0876522906122,0.0222519140180435,2.69999996666667,1.45,178.667538755193,0.12943805349778303,0.06402104334802317,WET,US-BZo,64.6936,-148.33,WET
0.6637500000000001,0.13142680859838152,17.8018619030269,0.046513023574835846,1.5625000249999998,2.1625,89.92032135405314,0.05982341478569108,0.08364673538512285,ENF,IT-SRo,43.7279,10.2844,ENF
0.505,0.172076090964966,25.0853719170721,0.0367825035693073,0.9,1.675,77.5279935,0.09745896817578131,0.19305171733122833,OSH,IT-Lsn,45.740482,12.750297,OSH
0.7438750000000001,0.15696527077758848,20.73982426380655,0.0509799243997416,2.375000075,2.775,103.0148553930355,0.05333839629850883,0.06906608125733353,ENF,RU-Fyo,56.4615,32.9221,ENF
0.8575,0.353909014479215,94.7140162474745,0.0387497572932938,4.65625003125,5.5375,220.645850585938,0.06668858189846828,0.08027990768532293,DBF,CA-TPD,42.6353,-80.5577,DBF
0.35,0.105127039337474,59.7941929497224,0.0482047530818507,0.7,1.3,211.921983512708,0.09376498470948025,0.14785256608164923,WET,US-Tw1,38.1074,-121.6469,WET
0.155,0.0679199376274637,29.2541749422164,0.009816159244608,0.2875,0.2,68.9164015625,0.2961043709399667,0.2631210731255945,OSH,US-xMB,38.2483,-109.3883,OSH
0.540625,0.1700968193183195,40.852596725423,0.0318338748028932,1.5750000124999999,1.7125,142.6117145107815,0.09226760696830495,0.10728178486654555,GRA,US-ONA,27.3836,-81.9509,GRA
0.615,0.243704007312214,149.3511807081,0.0328869986981548,1.6000000416666649,2.625,337.3550870572915,0.09935212687070577,0.16252707233263994,GRA,US-ARb,35.5497,-98.0402,GRA
0.595,0.41150891838209247,161.289783692746,0.04697979192340575,1.9000000375,3.95625,287.52429828375,0.1040661048667792,0.16463341409086188,CRO,US-CS3,44.1394,-89.5727,CRO
0.65875,0.3032801802493985,92.45225054732265,0.04773002069178375,2.0,2.64375,191.8799296875,0.11078972586244755,0.15784200144443156,CRO,DE-Kli,50.8931,13.5224,CRO
0.40625,0.1169450822601235,62.983451422695,0.018447539562938202,0.89,0.94375,220.35355598812498,0.12843771370096996,0.13557215449109705,GRA,AU-Stp,-17.1507,133.3502,GRA
0.51,0.08910152849047076,46.637898827493245,0.0168312816450307,1.2,1.3,263.72386710937496,0.06967154988300381,0.07595826223670452,ENF,US-Me3,44.3154,-121.6078,ENF
0.49124999999999996,0.12153558761524,20.11847995835045,0.0512454724256593,1.0500000625,1.5375,79.23695739886715,0.07681319670401934,0.11721487361132311,ENF,FR-Bil,44.493652,-0.956092,ENF
0.8,0.246721660877802,46.2236921941042,0.0427293315124821,3.4000001,4.1375,153.73533993375,0.06334488334877446,0.069402611445605,MF,US-Syv,46.242,-89.3477,MF
0.33,0.1095174503354345,39.73005515431845,0.040142979310125754,0.71875,1.25,117.227792009948,0.0932701907597692,0.15487649087866506,ENF,US-GLE,41.3665,-106.2399,ENF
0.86,0.200923293541475,44.8571382268383,0.021168245699106,4.37500025,2.325,198.1316259375,0.08687936221100169,0.0445292674508792,CSH,US-KS2,28.6086,-80.6715,CSH
0.6325,0.137457015684612,46.4438135973752,0.0313118822409424,1.8000001,2.6875,216.595494791667,0.05353972242896528,0.074100149476831,ENF,US-Me2,44.4526,-121.5589,ENF
0.72,0.286845872980748,48.9654327496947,0.0651689481370253,2.4000001,3.7,120.948845152097,0.08062696394585754,0.11447652607680806,GRA,AT-Neu,47.1167,11.3175,GRA
0.44125000000000003,0.1094451103723405,38.60216849984165,0.0299555663029683,1.3,1.6,153.9178027083335,0.06677276939761412,0.08473276235244112,ENF,US-Fuf,35.089,-111.762,ENF
0.86375,0.3385015041104495,68.06016527895015,0.05454800187656765,4.687500125,5.2875,176.04076015625,0.06631769999427685,0.07329491800387378,DBF,DE-Lnf,51.3282,10.3678,DBF
0.72,0.124057770897833,17.410588245969,0.0521315316236082,1.816666725,2.025,92.2293192870729,0.056975609756097556,0.057809333046866064,ENF,DE-RuW,50.50493,6.3309627,ENF
0.68,0.14354197477164,24.8791745745525,0.0279238360125129,1.8,1.825,118.33649,0.08296878442893886,0.07755001254068102,ENF,US-Blo,38.8953,-120.6328,ENF
0.3275,0.0972903172737955,42.2683863126972,0.0238251132668262,0.65,0.75,136.921470833333,0.13888324873096453,0.15280593671240572,GRA,US-SRG,31.7894,-110.8277,GRA
0.34125000000000005,0.09956651765610244,43.383403037368595,0.022120253215384952,0.7,0.86875,143.16594453125,0.12148044208498054,0.1356180941796321,GRA,US-xCP,40.8155,-104.7456,GRA
0.75,0.24324649646677698,44.057746348479796,0.02401652357348695,3.0250000999999997,4.5875,132.150240140625,0.05532977782890183,0.08297046218399229,WET,US-ALQ,46.0308,-89.6067,WET
0.585,0.291261138662288,97.9503556535013,0.0407722504752621,1.6,3.175,205.314486810619,0.08822602490675852,0.17225466321362393,GRA,US-Mo2,38.9488,-91.9945,GRA
0.26125,0.0590474020561267,15.5402993966322,0.0200194661693708,0.3,0.4,60.5766238875,0.14023696192052973,0.18000444444444433,SAV,AU-GWW,-30.1913,120.6541,SAV
0.535,0.155637980793292,36.0469615558946,0.03405083475422265,1.5,2.4875,115.16508645833349,0.0678648010952135,0.10738431217386525,ENF,US-xJE,31.1948,-84.4686,ENF
0.4825,0.124766755555556,18.5734823654171,0.0295912749987743,0.95,1.1,62.50833797804,0.11390971279174553,0.127460875052587,WET,GL-NuF,64.1308,-51.3861,WET
0.685,0.208337032258065,46.1976583765523,0.0378507986651663,2.2,2.825,150.32801124,0.07416011343055945,0.09198647964231693,WSA,BR-Npw,-16.498,-56.412,WSA
0.385,0.109573634071168,50.7869946447521,0.0208906440405646,0.875,1.2,156.115105065,0.09717423062662207,0.13256679931779375,CSH,US-Rwe,43.0653,-116.7591,CSH
0.38187499999999996,0.0984465669842767,24.87048480412235,0.028158821094936302,0.75,1.1,95.7969832275,0.08526883710253619,0.1257853382176654,WSA,AU-Gin,-31.3764,115.7138,WSA
0.87,0.309918863942946,74.34278295365826,0.0364030565889729,4.737500075,5.25625,215.35020624999999,0.06075326232568612,0.06538905628410163,DBF,US-xTR,45.4937,-89.5857,DBF
0.475,0.121391195693964,20.9833869098697,0.0143076450068379,1.0,0.95,92.4426592708333,0.125077853363568,0.11842010549177782,WET,CA-CF1,58.6658,-93.83,WET
0.6975,0.158653824165098,21.03121023304185,0.0580647781372446,1.8250000875,2.58125,95.5946901040375,0.06018365597934071,0.08341937579483727,ENF,CZ-BK1,49.5021,18.5369,ENF
0.18,0.0618884156729131,34.2658216930439,0.0124175200463503,0.3,0.3,98.03643975,0.20676151651039534,0.21154686109399604,OSH,US-SRC,31.9083,-110.8395,OSH
0.605,0.266745006268282,83.7475770611722,0.0620283811457816,1.5,2.2125,201.885178965046,0.11541730088282902,0.18373112767940333,CRO,US-CRT,41.6285,-83.3471,CRO
0.69,0.1714283277591975,28.0796488093449,0.0431372896263477,2.0,3.1,119.2522890625885,0.055946756918486426,0.07969749929785674,ENF,FI-Hyy,61.8474,24.2948,ENF
0.6725000000000001,0.14762518322219348,28.78063711144475,0.0300618490176882,1.866666666666665,2.075,127.9523466666665,0.07508260685979178,0.08005250644963997,ENF,CA-NS5,55.8631,-98.485,ENF
0.119896907216495,0.0235693983893889,7.17428828894748,0.0468556048767665,0.15979381443299,0.125,21.3515821964611,0.137304701693191,0.16637222392509773,GRA,CN-Sw2,41.7902,111.8971,GRA
0.13625,0.054867511217948695,19.84629644073345,0.04038441318250825,0.25625,0.3,52.22923596351625,0.176179082264535,0.20945380269055947,OSH,US-Sta,41.3966,-106.8024,OSH
0.39125,0.11343858417363051,22.0923303240324,0.055372141476127706,0.675,1.075,68.21733600647345,0.11061586131287586,0.14295077695480626,GRA,US-KLS,38.7745,-97.5684,GRA
0.855,0.234642090784044,38.2574720031771,0.0364719535939507,4.212499975,4.375,139.125634375,0.05560804265654874,0.060145002770595514,MF,CA-Gro,48.2167,-82.1556,MF
0.455,0.1425275648022475,28.3720040136171,0.01477668832634305,1.05,0.875,92.66984593742501,0.16298825965216746,0.13600249264203904,GRA,CN-Du3,42.0551,116.2809,GRA
0.87625,0.181927206616352,34.2559330486542,0.021298733862902097,4.8875001125,2.21875,163.93415664062502,0.08267371753095007,0.03864289853853317,ENF,US-KS1,28.4583,-80.6709,ENF
0.3675,0.129488994431707,27.4106580069942,0.0829425871100971,0.675,1.8875,65.65270208347,0.06020633295100765,0.18194134170104,ENF,CA-TP2,42.7744,-80.4588,ENF
0.6595833333333335,0.2629611168046545,34.809987473819206,0.0291014583014244,2.183333354166665,2.99375,93.85632951548125,0.09160145621634583,0.1235648297515514,WET,DE-Zrk,53.8759,12.889,WET
0.8421875000000001,0.3877499352624755,113.720541324372,0.0380189465069975,4.579166666666666,5.6,241.7231448788495,0.06985538776860682,0.08560970856277417,DBF,US-MMS,39.3232,-86.4131,DBF
0.25,0.0640886778932282,34.6022699298739,0.0148128531029932,0.5,0.5,131.658672375,0.1264077222449815,0.1404340230200055,SAV,AU-ASM,-22.283,133.249,SAV
0.156875,0.052939201570889896,19.116127733003502,0.0346561504725396,0.3,0.49375,61.97258856770835,0.11823876845884958,0.16955665253704766,OSH,US-Rws,43.1675,-116.7132,OSH
0.81375,0.245721470088533,28.275967987561003,0.0491267062968668,3.175000125,2.7125000000000004,94.01188046874626,0.09276170995832353,0.07780693232683523,GRA,DE-Gri,50.95,13.5126,GRA
0.68,0.1291043045152015,26.12616523527375,0.0331871111323768,2.1000001,2.1812500000000004,139.2758389583335,0.05995371633264723,0.06339274618196183,ENF,CA-SF1,54.485,-105.8176,ENF
0.83625,0.183077926421405,38.7253975752467,0.0392724843839283,3.54999995,3.5125,148.420012963673,0.05641514308426063,0.05007877515628939,GRA,CZ-BK2,49.4944,18.5429,GRA
0.375,0.1512620522086065,47.7478194892756,0.039768642072683,1.0,1.3,139.046120520765,0.12573603389109578,0.15574929335361598,GRA,CN-HaM,37.37,101.18,GRA
0.895,0.36345944260345553,89.3758390823534,0.0428037616867596,4.91666675,5.6,207.34754820749998,0.06608714262050933,0.07421104758480954,DBF,FR-Hes,48.6741,7.06465,DBF
0.31,0.0913364028776978,40.8057465801505,0.0191262651294389,0.6,0.6125,136.729522083215,0.14481358935666527,0.1545736799040541,WSA,US-SRM,31.8214,-110.8661,WSA
0.479,0.0766140779522979,16.5149270231514,0.0205543113242638,0.9500000125,0.875,105.683221163333,0.08353209514499832,0.07718130841121501,ENF,CA-LP1,55.1119,-122.8414,ENF
0.6875,0.164390287045138,16.62319708429865,0.053419341275887655,1.858333383333335,2.75,71.82791666661399,0.05883151555301597,0.07800324165167254,MF,BE-Vie,50.3049,5.9981,MF
0.705714285714286,0.397427640156454,129.94154185445,0.0447051536049938,3.40000016,5.7125,234.853000714286,0.07156412053501728,0.1174869198789558,DBF,US-WCr,45.8059,-90.0799,DBF
0.130625,0.04704305977684235,25.75826798147365,0.0186704666600898,0.2,0.2,71.1624791042848,0.21664595485810623,0.21942737167166326,OSH,US-Jo1,32.582,-106.635,OSH
0.69,0.247768006251528,64.00706823819681,0.0343560036970142,2.70000005,2.8375000000000004,186.358697916551,0.09026261418820349,0.09366623348273825,GRA,US-Goo,34.2547,-89.8735,GRA
0.6329761904761906,0.218509601688951,51.65599663536605,0.03484289084089235,2.17857151339286,4.21875,140.4707438019785,0.052208515362307195,0.09714919379525376,MF,BE-Bra,51.3076,4.5198,MF
0.70125,0.266176154236428,60.6432253204453,0.0319529669191761,2.500000075,2.75,167.5751466825,0.09394360812425345,0.10302714703185652,WET,CN-Ha2,37.6086,101.3269,WET
0.63,0.266051415204678,183.018704539208,0.0342541122841431,1.6,2.9125,436.305059166445,0.09263401005773897,0.15972148056547059,CRO,US-Twt,38.1087,-121.6531,CRO
0.549375,0.2182249981747055,43.418395999530304,0.06222889793103725,1.1312500437500002,1.5375,108.2470136625,0.12679377636805986,0.16478392626238658,CRO,DE-Seh,50.8706,6.4497,CRO
0.6747222222222224,0.3152798032692945,49.0489324035682,0.0591309776651542,2.137500075,3.6,109.8475193518525,0.08978061273279814,0.1303969491990988,GRA,CH-Fru,47.1158,8.5378,GRA
0.25,0.09998301402153406,10.32188482767064,0.0482600350861028,0.3,0.4,27.72139130301725,0.24619390864049062,0.2393810313365985,WET,SJ-Adv,78.186,15.923,WET
0.3975,0.0966840295538505,40.7686073211802,0.0151620076914473,0.775,0.7,166.638195,0.13590175786085656,0.14072309875615666,GRA,AU-Emr,-23.8587,148.4746,GRA
0.525,0.189097121046892,80.3400790355108,0.043430629334354,1.4,1.975,213.797897245777,0.09890177464986316,0.13423439118561073,DBF,IT-CA3,42.38,12.0222,DBF
0.67625,0.2500509150406445,104.7196829070185,0.0382593456386687,2.300000025,3.3,258.092333854295,0.08051885485700203,0.10532894541480986,DBF,IT-Ro2,42.3903,11.9209,DBF
0.63375,0.1952165889317405,30.403058260648102,0.07153355326077435,1.866964335714285,4.6,92.37989775078125,0.04552885098820949,0.10768156015689541,ENF,CA-Ca1,49.8673,-125.3336,ENF
0.6637500000000001,0.20165822556122298,49.68649904758375,0.0225797820171989,1.6,1.34375,162.03760847812498,0.14642616890023796,0.12643797362137235,OSH,US-ICt,68.6063,-149.3041,OSH
0.876875,0.29231604900462205,87.6252400042001,0.02527861672224315,4.63749995625,4.5,245.807381953024,0.06722065346536199,0.061483215971906646,WET,US-Los,46.0827,-89.9792,WET
0.77,0.221841675356274,40.3604187080286,0.0443241422863816,2.75454559090909,4.525,137.36390625,0.05040916136495077,0.07347783269156541,ENF,US-Ho2,45.2091,-68.747,ENF
0.13,0.05015355991927415,27.7037130865845,0.02261148000585635,0.225,0.3,74.04656936675394,0.20673996541790324,0.2116623954643625,GRA,US-Seg,34.3623,-106.702,GRA
0.7975000000000001,0.1539137860745475,14.9773404715873,0.03781837815228335,2.9750000375,3.34375,90.01488155625,0.04390722332139528,0.049734462759405886,tropical_EBF,CN-Din,23.1733,112.5361,tropical_EBF
0.77,0.3084325641560115,89.21045695701176,0.046618681191986144,3.2500000625,5.4875,229.5508158854165,0.057020340935385355,0.0936759391125038,DBF,DE-HoH,52.08656,11.22235,DBF
0.665,0.251840877712032,73.8181651408477,0.0511129346416434,2.00833339166667,1.8,190.04093203125,0.13807115175266696,0.12093336409709898,CRO,FR-Lam,43.496437,1.237878,CRO
0.27,0.06391442559796075,19.2721524713943,0.02490671605156675,0.375,0.5,79.6723162492633,0.1153033729252323,0.16765326849979584,WSA,US-Mpj,34.4385,-106.2377,WSA
0.6575,0.302206275979738,77.21945730682961,0.05329256855331515,2.0562500000000004,2.93125,170.697672916565,0.09559648073012944,0.1369322201903847,CRO,DE-Geb,51.0997,10.9146,CRO
0.3675,0.108673499538319,15.6308885599755,0.042541922385469,0.7,1.325,53.85323828125,0.08509828067744331,0.14681938430511896,OSH,CA-NS7,56.6358,-99.9483,OSH
0.8374999999999999,0.2272353127257335,88.90927792400025,0.0188688719029219,3.7875000875,4.60625,255.1260635416665,0.05241908121967055,0.06624816995983107,DBF,US-xML,37.3783,-80.5248,DBF
0.648,0.36635621402686,57.3828260848362,0.0513841379893808,1.925000075,3.4,111.594533874798,0.11004599842527435,0.18565410604964971,GRA,DE-RuR,50.6219,6.3041,GRA
0.66,0.142127458120903,38.1911053502162,0.0175173282460427,1.750000025,1.925,177.787167058854,0.0773428252851874,0.08169672432830324,CSH,BE-Maa,50.97987,5.631851,CSH
0.81,0.21126657213754,40.7087062881027,0.0394616026122743,3.4000001,3.7625,134.58817719,0.05852959483264827,0.07065785361805486,MF,CN-Cha,42.4025,128.0958,MF
0.595,0.34258837485172,46.2309445389127,0.0581724266534198,2.4500000625,3.8,94.6752665625,0.09003832694550902,0.11395264345870812,DBF,JP-MBF,44.3869,142.3186,DBF
0.89125,0.3504430715283505,69.6043437413433,0.04013264885065815,5.183333566666665,5.45,159.4449903645835,0.06780607082156334,0.06641810582293692,DBF,US-xHA,42.5369,-72.1727,DBF
0.665,0.1296420300227345,30.38852371745735,0.0159706111840643,1.6875,1.09375,165.408466216328,0.1270749155316352,0.07684098336213041,OSH,US-Fcr,65.3968,-148.9348,OSH
0.6287499999999999,0.1179924602233195,23.42329355501745,0.02946357995598215,1.7,2.8375000000000004,121.6060141927085,0.04351667136784911,0.06832675600758649,ENF,CA-Qfo,49.6925,-74.3421,ENF
0.408125,0.12123101908242,21.9112314339364,0.0427999262108266,1.1,1.475,80.12656,0.08565595084375999,0.11724639938802825,ENF,CA-NS3,55.9117,-98.3822,ENF
0.658125,0.2150735994388125,37.7571537314648,0.0612751245120485,1.6687500000000002,2.1,115.2573430125,0.10201018473508058,0.1306780399521477,CRO,CH-Oe2,47.2864,7.7337,CRO
0.54625,0.0958524911362025,16.91816088574505,0.0312186565290384,1.26875001875,1.8624999999999998,97.3336213768116,0.05419371247200117,0.08537969528465342,ENF,CA-NS1,55.8792,-98.4839,ENF
0.295,0.0811463271302645,33.4417814361576,0.0182356408615978,0.65,0.7875,117.348023565,0.12147226055754907,0.1379958689960559,GRA,CN-Dan,30.4978,91.0664,GRA
0.503333333333333,0.132649933949802,26.7573327709588,0.0309890798146254,1.15000005,1.525,96.5504642625,0.08783766312965001,0.11448270629075567,mid_EBF,AU-Cum,-33.6152,150.7236,mid_EBF
0.5635416666666665,0.23803258940983202,73.3099096565969,0.0463099379516731,1.275000075,2.36875,173.11177734375002,0.1009946651777974,0.19157238413086108,CRO,FR-Aur,43.54965,1.106103,CRO
0.6012500000000001,0.1865704406344815,52.18858797565545,0.02570313405105305,1.6125000250000001,1.725,152.867137890625,0.09488158426345222,0.12674206495978063,GRA,US-xDC,47.1617,-99.1066,GRA
0.57,0.1579177913550865,28.498750193503,0.02852701343301045,1.4375,1.6062500000000002,106.27939045125001,0.10090962999399736,0.11398215238959408,WET,CA-ARF,52.7008,-83.955,WET
0.5525,0.197741195134849,58.5891796802175,0.0434405133964646,1.525000025,2.25,166.435458333333,0.07620242006988985,0.11973577603538418,WET,US-StJ,39.0882,-75.4372,WET
0.715,0.192204785427601,35.8515984298801,0.0363366890301408,2.2,2.725,131.484689375,0.05730273826245887,0.08828606222715574,ENF,CA-Ca2,49.8705,-125.2909,ENF
0.7075,0.312887789473684,199.889375857228,0.045310368308448,2.075000075,3.35,428.787875904167,0.08999151856371351,0.15121000423817435,CRO,US-Bi2,38.1091,-121.5351,CRO
0.71,0.265800823937617,157.40603226869752,0.03793139741580895,2.6062500374999997,2.3875,419.229115591624,0.10844457232372395,0.11079023615363309,CRO,US-CF1,46.7815,-117.0821,CRO
0.6924999999999999,0.2109904561831675,42.18010760376815,0.03238906473668805,1.8375000375,2.3812499999999996,138.75686206875002,0.08635432344988861,0.11611890941260267,GRA,AU-Rig,-36.6499,145.5759,GRA
0.89,0.295497881828317,69.124887736698,0.0433205889344584,4.7000003,5.2625,217.99017,0.05645483150902298,0.058609529817749625,DBF,CZ-Lnz,48.68155,16.946331,DBF
0.8,0.242168992718447,40.9355615595117,0.0296443523932994,3.85,4.55,136.42341333351,0.05536501747100816,0.06604856211684783,MF,US-PFa,45.9459,-90.2723,MF
0.68875,0.318124059769321,124.531372472773,0.055627991836614044,1.925,3.3125,262.5357411394625,0.09931775224310366,0.1584132588552649,CRO,US-Ro1,44.7143,-93.0898,CRO
0.44,0.110505419465425,26.767456280565,0.0269003761417363,0.95,1.1,110.2048076822915,0.10181233349202232,0.11204671779188513,WSA,US-Ton,38.4309,-120.966,WSA
0.495,0.134994002525253,25.1914553758659,0.0346115660857032,0.875,1.1,75.66052458354,0.12477081899518222,0.15887778480212453,GRA,DK-Eng,55.6905,12.1918,GRA
0.9046875000000001,0.365359426765108,116.383256900039,0.02782426901373855,5.675000059375,5.75,304.59865625,0.06417576223601076,0.06576536991395265,DBF,US-xSC,38.8929,-78.1395,DBF
0.41625,0.160343417366947,26.3905433594203,0.0711145651366024,0.75,1.6,64.1870341088542,0.10668726506996236,0.19435565741448121,GRA,US-BRG,39.2167,-86.5406,GRA
0.7725,0.235859175662414,55.0357731476938,0.0357097852078085,3.0,4.675,169.947549479167,0.06411454853176017,0.07861972358289376,DBF,US-xSE,38.8901,-76.56,DBF
0.565,0.153770910209102,24.4506817911108,0.0332410898153612,1.4,1.55,87.7035256895833,0.09482854052441166,0.11217782567307316,GRA,US-Var,38.4133,-120.9508,GRA
0.31,0.0798498855629881,35.542166947335545,0.0208261214202626,0.8,1.6,139.20467708330352,0.05044187150879209,0.10212914674465837,OSH,ES-LgS,37.0979,-2.9658,OSH
0.6270833333333334,0.1685953416712915,34.13545150046725,0.030898279488583348,1.2,0.9125000000000001,118.47965747448049,0.17555645516908705,0.15122917021069082,OSH,RU-Cok,70.8291,147.4943,OSH
0.89,0.2711596013613845,54.590970356898055,0.040591484810058545,4.7000001125,4.59375,178.0374098957965,0.05941972872165424,0.05665533740856621,DBF,CA-Oas,53.6289,-106.1978,DBF
0.446666666666667,0.106084876905041,12.0019663893653,0.0535050724298166,0.866666666666667,1.3,48.6658645833333,0.07800267714061271,0.12631626521853373,ENF,FI-Ken,67.98721,24.24301,ENF
0.41374999999999995,0.102223096399302,44.521206708601355,0.02624311270653375,0.95,1.0625,183.230024146875,0.096967461280804,0.10466492415678387,SAV,AU-DaS,-14.1593,131.3881,SAV
0.859375,0.295195971800434,48.552210423469106,0.04327820586922105,4.3000002,4.6875,133.0529687498585,0.06468911583083353,0.07787382776567305,MF,CH-Lae,47.4783,8.3644,MF
0.2675,0.0589758031720212,23.3915387687259,0.0553500938067018,0.325,0.5,97.81363854,0.1140953221535746,0.18559101868595534,MF,AR-SLu,-33.4648,-66.4598,MF
0.891875,0.2717321704507545,104.7507879498395,0.0308850963170933,6.0250000375,5.3875,349.657511979315,0.050960846139449095,0.046025041212916326,tropical_EBF,GF-Guy,5.2788,-52.9249,tropical_EBF
0.8525,0.365245017793594,117.634125438965,0.0349132481952557,4.500000125,5.6,242.48864880932,0.06834853036067905,0.08688732587934855,DBF,IT-Col,41.8494,13.5881,DBF
0.45625,0.163878568019093,45.9382764407066,0.0512114011127568,0.8,1.275,123.219176644218,0.13545589382385465,0.19649393462056886,CRO,US-Ro6,44.6946,-93.0578,CRO
0.73,0.232267937411095,44.3418477846559,0.0241846023075921,2.025000025,2.25,145.312875,0.10126315789473693,0.1091833022042674,OSH,US-xHE,63.8757,-149.2133,OSH
0.541875,0.148014918414918,77.864037240566,0.0124170145764607,1.500000025,1.725,270.38586429,0.09039078987170567,0.09697684817170124,WET,AU-Fog,-12.5452,131.3072,WET
0.81,0.16068339299843998,18.84284020565725,0.03948902455236835,2.550000025,3.34375,98.6723689061325,0.048725287609787823,0.06332717604955651,mid_EBF,IT-Cpz,41.7052,12.3761,mid_EBF
0.89,0.270773232406911,39.3108393078493,0.05678753792095965,5.925000075,2.6375,133.018350795535,0.10064599332921892,0.04776435482166713,GRA,CH-Cha,47.2102,8.4104,GRA
0.68,0.26726805,73.4022887001234,0.0313706411657901,1.9,2.35,193.66005941686,0.11828933990301875,0.130374015916025,GRA,IT-Tor,45.8444,7.5781,GRA
0.755,0.30997842622134797,113.50595724101399,0.03609945464837185,3.0,3.3,294.518476426883,0.090965585374635,0.09694236121113332,GRA,US-Ro4,44.6781,-93.0723,GRA
0.61,0.1978422417315705,37.3622213849822,0.033771942027715954,1.5812499999999998,2.275,110.818695030535,0.09486855508507522,0.11926323467815092,GRA,US-KFS,39.0561,-95.1907,GRA
0.88,0.284932506739476,84.7588646367829,0.0464985645422201,4.687500050000001,5.481249999999999,271.085049969792,0.053659603919771974,0.05942067223915759,DBF,CA-Cbo,44.3167,-79.9333,DBF
0.365625,0.1076101256130855,37.33022465977575,0.0164004568843991,0.5375000000000001,0.56875,126.9930182926595,0.18922392083608378,0.20030527592377623,WET,GL-ZaF,74.4814,-20.5545,WET
0.7075,0.134759453125,16.5869717355871,0.0410002625321065,1.7,2.2,87.1258083333333,0.06091854753161964,0.07855966887589017,ENF,FR-FBn,43.24079,5.67865,ENF
0.43,0.128518442401298,49.457356998746,0.0248017528155025,1.0,1.3,144.6608625,0.10675327444410598,0.12799085486302839,GRA,US-xAE,35.4106,-99.0588,GRA
0.890128205128205,0.275007528687378,106.5995313955,0.0256586434694129,5.51025641282051,5.525,364.2936613047,0.049662759130903476,0.04995479094694921,tropical_EBF,BR-Sa1,-2.8567,-54.9589,tropical_EBF
0.7949999999999999,0.274127177537906,46.638491267542946,0.0190664319857856,3.4937501125,4.6125,133.345442559167,0.057443292435269015,0.07996839274410368,WET,AR-TF1,-54.9733,-66.7335,WET
0.24875,0.05938004940436675,19.67246334194295,0.0095609043888933,0.5,0.7,80.785522918125,0.098886693255841,0.12840543592217174,DBF,MX-Tes,27.8446,-109.2977,DBF
0.455,0.12564792746114,27.475455932128,0.0330121872933466,1.1,1.425,101.37201594568,0.08484293283544457,0.10668788565671834,CSH,IT-Noe,40.6062,8.1517,CSH
0.3075,0.09259493771024155,20.85162142836745,0.03536285826498625,0.5875,0.7,69.07181757809,0.12449571778952817,0.1506928966546911,GRA,CN-Cng,44.5934,123.5092,GRA
0.6475,0.3894823245496485,177.1289979017455,0.041817440674982206,1.875,3.5125,271.95506119125,0.1062350137427666,0.18958825239737837,CRO,US-CS1,44.1031,-89.5379,CRO
0.73,0.190243069505826,33.8544732647116,0.0385346136334219,2.1000001,3.775,116.134945375417,0.05289728087198532,0.08988480209927824,ENF,US-NC1,35.8118,-76.7119,ENF
0.256666666666667,0.07692351432236,16.123607686018,0.0197754935061582,0.35,0.8,56.6111038012046,0.08555729089196289,0.18394370984737754,GRA,GL-ZaH,74.4733,-20.5503,GRA
0.5237499999999999,0.195403025393375,78.55618005211895,0.016871508092175247,1.3250000625,1.09375,205.431630002323,0.19509261418036347,0.14887745565896995,GRA,IT-Niv,45.49091,7.13943,GRA
0.6675,0.296152813629324,140.626635157123,0.0394648409087245,2.10000005,2.5,313.399676852708,0.12696145705401246,0.14802688913778217,CRO,US-Bi1,38.0992,-121.4993,CRO
0.5125,0.19821912743452402,119.41338780711749,0.01862456257725885,1.3875,1.50625,324.9352393229165,0.12728884767407594,0.1430435029297641,CRO,US-xSL,40.4619,-103.0293,CRO
0.7262500000000001,0.218145936259299,32.5169832112137,0.0518729785566586,2.38750005,4.04375,101.8938609377775,0.05527364114576078,0.0878568673452432,WET,DE-Spw,51.8922,14.0337,WET
0.6625,0.221822022718945,44.5781500668803,0.0470456935553479,1.52222222222222,4.7,124.439991666667,0.0495454736842106,0.10467096568956381,ENF,US-Wi4,46.7393,-91.1663,ENF
0.3925,0.1156710957691435,38.6991990131284,0.03286115368688215,0.9,1.3,133.3778468229165,0.09567911566468651,0.13019429982623268,CSH,US-Rms,43.0645,-116.7486,CSH
0.5675,0.16019107201920751,20.6327160401175,0.04381620585883005,1.7500001,2.0687499999999996,102.36656502,0.0761660746317516,0.0785032198850788,ENF,CN-Qia,26.7414,115.0581,ENF
0.38,0.0946672811059908,32.9366553835795,0.0295815864005725,1.0,1.0,133.33053265625,0.0896381288981289,0.0912662620912868,ENF,US-Fmf,35.1426,-111.7273,ENF
0.54,0.2020415572639475,26.904004477021402,0.07928558467124255,1.300000058333335,1.8624999999999998,76.55854468745875,0.10487569596343221,0.14517053261482035,GRA,CH-Oe1,47.2858,7.7319,GRA
0.66,0.125971515768057,25.3743587963787,0.0261610153867917,1.775,2.15,140.257668913044,0.060017368490096,0.07405805345897536,ENF,CA-NS2,55.9058,-98.5247,ENF
0.39375000000000004,0.110926930008381,24.4176332576541,0.027362943271428748,1.025,1.275,89.7222234147925,0.08103557783799034,0.10541679778949725,OSH,CA-SF3,54.0916,-106.0053,OSH
0.813125,0.2478050691672995,50.85963577962545,0.04473762818855425,3.581250097916665,4.25,161.6746299780465,0.060102235721897296,0.07251997886743441,ENF,DE-Msr,47.80918,11.456168,ENF
0.8362499999999999,0.35119099711997903,146.9023039980895,0.02492539443910785,3.875000075,3.54375,370.0020814633595,0.09767623744442,0.09329456657689654,CRO,CA-MA1,50.1645,-97.8762,CRO
0.731847133757962,0.1302878925803955,14.84625857172665,0.03937279191512395,1.6848328244227702,1.75,83.43162664822191,0.07332864143754576,0.07113211366842516,ENF,SE-Svb,64.25611,19.7745,ENF
0.585,0.129147846889952,16.5954528104012,0.0641172354832915,1.3875,2.4,86.308493140922,0.05526028654420354,0.11210572344767318,ENF,IT-Lav,45.9562,11.2813,ENF
0.8401785714285714,0.311702460176836,74.49034280187375,0.043769203164287895,4.1562500687499995,5.15,182.539717519531,0.06336674892855824,0.080293363432107,DBF,FR-Fon,48.4764,2.7801,DBF
0.6675,0.195344908896034,57.3051778252017,0.0166153365981963,1.575,1.3,196.46045755,0.14482515204665075,0.12650830440670588,WET,US-ICs,68.6058,-149.311,WET
0.255,0.0764373075919645,36.9551664007668,0.0214694738266929,0.5,0.575,124.7082160625,0.13357164869029334,0.1480896812533765,GRA,US-Wkg,31.7365,-109.9419,GRA
0.1575,0.0587754827121689,30.6259679493984,0.015135680633272,0.275,0.3,84.25771875,0.20262529164722368,0.21083660698321882,OSH,US-xJR,32.5907,-106.8425,OSH
0.875,0.29325328897903447,72.34966946557029,0.03273164037069965,4.86250010625,5.175,207.006654025698,0.05911887051091816,0.062294162452173604,DBF,US-MOz,38.7441,-92.2,DBF
0.86,0.19400276705212,49.34296232863875,0.02330641927449455,4.6750001999999995,3.9124999999999996,215.42878345246203,0.05228680931962318,0.044062797484251,ENF,US-HB3,33.3482,-79.2322,ENF
0.72,0.173033529642717,28.7537474486222,0.0289486422041096,2.0,2.5,118.25605,0.06172131246479441,0.09509280785562625,ENF,US-Wi9,46.7385,-91.0746,ENF
0.55625,0.1500291040388415,26.399325420433698,0.0380472489743359,1.3000001,0.775,101.12741663908301,0.1579571222196528,0.10873579348284224,ENF,US-BZS,64.6963,-148.3235,ENF
0.59625,0.192036735576722,107.5961146932525,0.02447351204217485,1.8125,1.83125,333.4978442025,0.1021186546829638,0.09199511367698582,WSA,AU-Ade,-13.0769,131.1178,WSA
0.875,0.323271878172589,55.5026442375607,0.0355550146125419,4.750000125,5.2,146.891074791667,0.06572290143812591,0.0715825809312638,DBF,US-Bar,44.0646,-71.2881,DBF
0.68,0.15112937127381149,35.9512240208755,0.0115913714343377,2.1000000625,2.68125,165.3041948625,0.05629514917838907,0.06925483507128112,WET,CA-DBB,49.1293,-122.9849,WET
0.5625,0.141465120334845,19.6919783214398,0.0492661061285673,1.125,1.725,61.9329267675,0.10592996602788891,0.15184777818137732,CRO,US-DFC,43.3448,-89.7117,CRO
0.22125,0.0244361842099486,2.7500996543676353,0.02814369322243945,0.3,0.2375,26.6765168923611,0.10189061309595406,0.08145394736649533,ENF,US-Me1,44.5794,-121.5,ENF
0.52,0.169992829705506,75.1744710490521,0.0248433837130745,1.4,2.075,236.809529166667,0.08467352602465592,0.1089415060141706,ENF,US-xYE,44.9535,-110.5391,ENF
0.31875,0.09282389976593544,40.59253202422295,0.0402076500786452,0.7,0.96875,137.18749942708348,0.10566025521378203,0.1371026104877342,CSH,US-Rwf,43.1207,-116.7231,CSH
0.66,0.2200312969153695,63.2592410520362,0.04616313735124345,2.200000029545455,4.46875,183.0316854166665,0.0551449200981526,0.10045866991754729,DBF,DE-Hzd,50.96381,13.48978,DBF
0.8025,0.2353458985267335,71.05690431068524,0.03018477167076445,3.28750003125,3.6375,229.6309166666665,0.06651314484083079,0.07334018087380151,MF,DE-Har,47.933,7.5981,MF
0.22625,0.05630019225244205,15.454808613361099,0.06349074168256935,0.403125,1.0,52.81866666666665,0.05730743710886403,0.16183966960861879,OSH,GL-Dsk,69.25349,-53.51413,OSH
0.51,0.251773451327434,108.008487081799,0.0256725538622412,1.45,2.4,224.26006875,0.09762601124740808,0.166851728313752,DBF,PA-SPn,9.3181,-79.6346,DBF
0.6114583333333334,0.274073200464499,138.5233236172165,0.0381047273590476,1.6625,1.8,320.92544973711404,0.12387969157435755,0.13819005553787883,CRO,US-CF4,46.7518,-117.1285,CRO
0.5425,0.12813635598174,21.713058415901152,0.047434168341270996,1.4,1.7062499999999998,91.5932708601075,0.07937738440178671,0.09386592729335708,ENF,CH-Dav,46.8153,9.8559,ENF
0.51,0.100916671931254,48.46342266397325,0.0160894159549771,1.25,1.1687500000000002,245.2559238141185,0.08702697346401103,0.08585785982067767,ENF,US-Vcm,35.8884,-106.5321,ENF
0.4325,0.160305678997829,57.63058348894105,0.048598388849748944,0.9,1.25625,153.35489731527798,0.12847300894136385,0.1877660582691879,CRO,US-ARM,36.6058,-97.4888,CRO
0.520625,0.2120279958086305,93.79401829933306,0.0491155363859354,1.1,1.74375,207.14767183125002,0.13327692861624868,0.1972373951765474,DBF,AU-Lox,-34.4704,140.6551,DBF
0.7425,0.153917840375587,20.2812546888223,0.0510337487929807,2.5,4.2,100.36220243625,0.03651984647765268,0.06035545642943573,mid_EBF,AU-Wac,-37.4259,145.1878,mid_EBF
0.5025,0.182083844079431,106.788215799508,0.033111845150594,1.1,1.8125,292.075063298333,0.09536648898886667,0.17032260594494275,WET,US-Tw4,38.1027,-121.6413,WET
0.6925,0.202488552979161,31.8833309409795,0.0231010877141193,1.75,1.75,104.8437825,0.11654017437649553,0.12010046645138166,GRA,US-NGC,64.8618,-163.7002,GRA
0.86,0.3203673575446445,65.05770615857861,0.036558369607628205,4.5999999625,5.3875,172.4053,0.06500129644186567,0.07829799235526418,DBF,US-xBR,44.0639,-71.2873,DBF
0.42,0.106125542916236,22.1102658651784,0.0308711480909978,0.95,1.3,89.511733125,0.0794542720152477,0.11287683664649963,mid_EBF,AU-Whr,-36.6732,145.0294,mid_EBF
0.5225,0.110983753194597,36.5872709484464,0.0278229255436621,1.2,1.15,161.932470381914,0.09792202318229723,0.09071217998448411,ENF,US-Vcp,35.8642,-106.5967,ENF
0.6837500000000001,0.213678403888273,29.862041211174102,0.0327583463296023,1.7187500500000001,2.1812500000000004,104.40039791666649,0.10001939820997638,0.115830034524539,DBF,US-xBL,39.0603,-78.0716,DBF
0.65625,0.1984480698776265,53.2213500613383,0.01749407484023715,1.5291667208333348,1.3375,173.5799771875,0.14347352150409337,0.12935011287312026,OSH,US-ICh,68.6068,-149.2958,OSH
0.555,0.220424943438914,33.4172388887107,0.059999434823606,1.6,2.2,96.8221341875,0.10684170718530502,0.13140284876468258,DBF,IT-Isp,45.8126,8.6336,DBF
0.736875,0.22200039915063002,62.021894959395794,0.03520763700175235,2.700000075,4.225,207.556956182808,0.05441433907469745,0.07861914451611574,ENF,CA-TP4,42.7102,-80.3574,ENF
0.1375,0.05951344873502,38.5063941704215,0.0128915361728084,0.25,0.2,91.56935905875,0.294972182849043,0.2358897136797456,GRA,US-Cop,38.09,-109.39,GRA
0.335,0.0979983522142121,41.369385820289,0.0241246050910344,0.675,0.7,141.9778880425,0.13300351126366045,0.14924195495574757,WSA,US-SRS,31.8173,-110.8508,WSA
0.6434375,0.2311161422841275,23.3640871124446,0.0674797634971156,1.5,2.1375,68.3420501475,0.1026950582277282,0.15660459481687639,GRA,BE-Dor,50.311874,4.968113,GRA
0.8875,0.310916808510638,70.2520156302804,0.0366953169213356,4.8000002,5.625,171.4147490625,0.05884471042415636,0.06130731633525659,DBF,US-Wi3,46.6347,-91.0987,DBF
0.7395895522388061,0.1339782967470835,18.00375030087165,0.0442910851925273,1.800000075,2.325,102.7037105097655,0.05860571570303018,0.07305340327435669,ENF,SE-Nor,60.0864,17.4794,ENF
0.29,0.0930663822281993,22.81384776387705,0.03393530893772995,0.6,0.61875,77.133643359375,0.1379689430598105,0.15594623532502228,GRA,US-AR1,36.4267,-99.42,GRA
0.05,0.0288587412587413,16.1966101040543,0.106046959017352,0.1,0.325,33.2181168083333,0.07779743103811333,0.243857791225416,WET,US-EDN,37.6156,-122.114,WET
0.69,0.144945296671491,12.6493644222591,0.035341981917391,1.75,1.825,63.540604999977,0.07736874568843052,0.0848659282338092,mid_EBF,FR-Pue,43.7413,3.5957,mid_EBF
0.605,0.254323655932006,66.40987663424019,0.0786461612280556,1.563333333333335,1.4,164.37437499998998,0.15618276714057666,0.15408122153727793,CRO,BE-Lon,50.5516,4.7462,CRO
0.8775,0.33811786259542,73.9258113409057,0.0418348637333252,4.75000025,5.3625,185.226708333333,0.06541229212353793,0.06849236646947188,DBF,US-Ha1,42.5378,-72.1715,DBF
0.6825,0.1711398886269,31.61031518634205,0.04783001122926055,1.9526786178571451,3.6312499999999996,128.879437499765,0.047891969523847375,0.07967137422769427,ENF,FI-Let,60.6418,23.9595,ENF
0.74,0.298099664425989,127.56472567427451,0.0273614110330178,2.8750001000000003,3.35,329.865182880435,0.08618700991390604,0.10142841841523595,GRA,US-xKZ,39.1008,-96.5631,GRA
0.6025,0.267094445600166,127.462423808005,0.0418371710074669,1.525,1.75,285.255451396771,0.1493675483267128,0.18220803910918001,CRO,US-Tw3,38.1152,-121.6469,CRO
0.6168750000000001,0.10806286511778751,14.614010156451648,0.0360362588214837,1.4000000375,1.9,80.91490124988,0.057532814677118405,0.07699830501687974,ENF,CA-Man,55.8796,-98.4808,ENF
0.50875,0.1643936218277445,50.1652508875073,0.0225278547953211,1.2,1.0,158.74239765625,0.14939780023450655,0.12786460654159182,GRA,US-xWD,47.1282,-99.2414,GRA
0.9,0.30599784714747,66.3100093236057,0.0374623110728472,5.2000003,5.5,193.342631319444,0.056742122415384864,0.05772755628800388,DBF,US-UMd,45.5625,-84.6975,DBF
0.585,0.163333110474371,42.2822655052286,0.0153863187648427,1.6,1.55,178.3881328125,0.10481244671781778,0.10868295026324912,SAV,US-xSJ,37.1088,-119.7323,SAV
0.64,0.221032553075667,50.9621257270042,0.0264446604761046,1.475,1.5,138.28574786817,0.14321967818538794,0.14869191898775105,WET,US-Ivo,68.4865,-155.7503,WET
0.355,0.0795,32.22727418492,0.0318219398443184,0.975,1.15,138.661484375,0.07036946446961892,0.0838216734242536,ENF,US-Me6,44.3233,-121.6078,ENF
0.57,0.149383475609756,64.3423442574243,0.0233977245558077,1.6,1.825,237.50080979625,0.08302958952404926,0.09338808047978754,WSA,AU-How,-12.4943,131.1523,WSA
0.29916666666666647,0.13389849172074247,65.18983991641885,0.02873081897334025,0.628125,0.5625,149.41273183603948,0.22620724056684144,0.2060846523157543,SAV,SD-Dem,13.2829,30.4783,SAV
0.75125,0.2983054571630305,71.74848700449644,0.0490884709128281,3.6750000875,5.425,157.318267968493,0.05959473099000954,0.08505126567806671,DBF,DE-Hai,51.0792,10.4522,DBF
0.48375,0.165581310667716,67.08882740616025,0.04276088852302795,1.2250000125,1.5125,201.95705859374652,0.10674761444836794,0.14022282369435793,DBF,IT-CA1,42.3804,12.0266,DBF
0.7875,0.189562215113954,21.9529617370699,0.0436291064270559,2.55000015,3.925,95.6237025375,0.04736876478383368,0.07126365277784286,mid_EBF,IT-Cp2,41.7043,12.3573,mid_EBF
0.6837500000000001,0.30852559688936,141.31673538934098,0.055768095527996955,1.9687501,3.25625,312.229130208129,0.09509110833341723,0.14882455120282334,CRO,US-Ne3,41.1797,-96.4397,CRO
0.89,0.32079167911328554,81.9881069771438,0.0351332690705148,4.9000001,5.475,233.40635067968748,0.05921860651253484,0.06313720685914373,DBF,US-UMB,45.5598,-84.7138,DBF
0.2125,0.0661098237503612,29.2909579142336,0.0148827417240857,0.3,0.4,67.9715291666667,0.14013574660633474,0.169880226789511,OSH,US-xNQ,40.1776,-112.4524,OSH
0.88125,0.326125714285714,101.440107712354,0.0358319733209601,4.900000225,5.1,273.26333357268,0.06539703826779537,0.06542964152741852,DBF,US-Oho,41.5545,-83.8438,DBF
0.505,0.1398160847409915,26.9090000612308,0.0297468229449332,1.26666666666667,1.025,100.48193186625,0.1265120552145399,0.11169034305634207,WET,US-BZB,64.6955,-148.3208,WET
0.303125,0.1084267916115015,57.22747307379875,0.05386462828836425,0.65625,0.69375,171.28509837693798,0.153830826766644,0.17005733370522036,GRA,US-A32,36.8193,-97.8198,GRA
0.72,0.258611379310345,159.896460081034,0.0332854782701077,2.5,1.5625,449.0808875,0.16491603412679123,0.10467355923427965,CRO,US-Tw2,38.0969,-121.6365,CRO
0.14,0.051802165742294654,20.42180130489465,0.0329074404616064,0.225,0.3,57.90445494482885,0.18285299342196085,0.21305179949738334,SAV,US-Wjs,34.4255,-105.8615,SAV
0.55,0.127267355982275,42.2192034293033,0.0223378392785817,1.4,1.225,218.012,0.08858688957325123,0.0847574783224413,ENF,US-xRM,40.2759,-105.5459,ENF
0.5974999999999999,0.229391118955998,95.69235527701966,0.03028455421461625,1.68125,2.175,258.957261015625,0.10530007083456758,0.1311065086824905,GRA,US-ARc,35.5465,-98.04,GRA
0.575,0.188763044475011,95.0484234504428,0.0371189011670926,1.65,2.3,310.703364431702,0.09375077708556526,0.11958234631103264,CRO,US-CF2,46.784,-117.0908,CRO
0.54,0.165284477356878,55.0464184108879,0.0319785188872509,1.4125000875,1.275,163.9417578125,0.13146161259235467,0.11830934708433577,GRA,US-xKA,39.1104,-96.6129,GRA
0.465,0.131144580620452,26.609986376413,0.0304911854846894,1.2,1.425,102.576459375,0.09171297724386393,0.11262039603960416,ENF,US-xSB,29.6893,-81.9934,ENF
0.47,0.12790759923752598,15.13353361149325,0.049394158010547154,0.95625,1.3375,55.632684791666705,0.09061078909620676,0.13038776906030308,ENF,FI-Var,67.7549,29.61,ENF
0.4725,0.18156256123570652,114.3058562316955,0.024755925674506497,1.1,1.7,290.412565097995,0.10453649091973323,0.16615181838285545,GRA,US-Sne,38.0369,-121.7547,GRA
0.55625,0.181724727272727,57.8211628604304,0.0456223477623559,1.7000001,4.025,172.13398125,0.049716829531511096,0.100437119654479,MF,US-xDL,32.5417,-87.8039,MF
0.29,0.074015936154041,33.924700883477,0.0185565735889454,0.6,0.5,118.59321375,0.14263329911019834,0.1369158462134978,GRA,AU-TTE,-22.287,133.64,GRA
0.659375,0.1964768884125315,50.68365199925835,0.02315169773400645,1.54375001875,1.84375,161.3517835174105,0.1058845216874673,0.12220422577888326,OSH,US-EML,63.8784,-149.2536,OSH
0.65,0.29055137745964355,80.6648611341634,0.0420223888976409,2.012500075,3.19375,184.877658375,0.08993437499651082,0.136210629962765,WET,CZ-wet,49.0247,14.7704,WET
0.51,0.134427724505836,62.05415247602805,0.02065921545187505,1.3625000374999998,1.4625,242.610178905,0.09998707355548284,0.09534180474556425,SAV,AU-Dry,-15.2588,132.3706,SAV
0.6775,0.133179339622642,24.8406449206007,0.0447321952344251,1.94166666666667,2.425,122.85159791652,0.05789247663721303,0.0708547763377925,ENF,IT-Ren,46.5869,11.4337,ENF
0.56,0.139553126469205,21.5801764566735,0.0362816270861563,1.55,2.7375,87.46495625019,0.05590511047851422,0.09278292851500812,ENF,US-Prr,65.1237,-147.4876,ENF
0.62375,0.1939644026655915,122.944621510418,0.020828526578721702,2.2250000500000002,1.8,344.45894293125,0.10621719202081883,0.11065449147965097,GRA,AU-DaP,-14.0633,131.3181,GRA
0.6075,0.11078061021626301,9.943669352815235,0.04914502723759685,1.075,1.025,53.156124218816245,0.10129662176533545,0.09740058203755897,ENF,FR-LBr,44.7171,-0.7693,ENF
0.85375,0.209123944530046,50.5610525731483,0.0337676959414381,3.7,4.7,169.923641145833,0.049668053376091516,0.06084681947196413,ENF,US-xAB,45.7624,-122.3303,ENF
0.716130952380952,0.2105673339983795,52.91005476690795,0.03895252850296635,2.4000001,4.45,176.280816783854,0.048785483229841706,0.08210608985862539,ENF,CA-TP3,42.7068,-80.3483,ENF
0.59,0.1286757841225625,16.20607523530115,0.02305947388364315,1.27500005,1.24375,74.44453854176501,0.10758888690375842,0.10288758788786093,ENF,DE-Lkb,49.0996,13.3047,ENF
0.13599173553719002,0.04309425866234905,14.04419942882385,0.0416400714339238,0.21404958677685948,0.3,43.28921921875,0.12291452408812692,0.17846878474017613,CSH,US-Rls,43.1439,-116.7356,CSH
0.266875,0.08318687290962701,13.85977596014375,0.03338117466967675,0.6,1.025,41.1424177083333,0.08034402175212449,0.11814020409957254,GRA,US-xCL,33.4012,-97.57,GRA
0.68,0.141566745283019,21.7217422587478,0.043500750661217,1.925,2.65,107.74710069475,0.05205648102225974,0.07201338996485074,ENF,NL-Loo,52.1666,5.7436,ENF
0.41,0.139406657788778,44.76763240423275,0.06424586655315656,0.825,0.8,116.2801888362815,0.1810495550560191,0.1843538547652837,CRO,US-Mo1,39.2298,-92.1167,CRO
0.47875,0.1246761073774155,24.018973507743098,0.01594689076202425,0.7625,0.83125,92.10049765625,0.1521368907408691,0.16150339426271856,WET,US-xBA,71.2824,-156.6194,WET
0.62,0.251137742674194,48.4269508878406,0.041949737130676054,1.679166666666665,2.39375,127.28615721123148,0.11220441819799683,0.15069391472804144,GRA,IT-MBo,46.0147,11.0458,GRA
0.6475,0.17087834819769598,32.8261380447922,0.02209306984910675,1.400000025,1.25625,125.83693166625,0.13944945580096493,0.11322068222462105,WET,RU-Che,68.613,161.3414,WET
0.76,0.284046340858348,145.937863194518,0.029395693112767,2.8,3.8,394.295760673646,0.07385825244430345,0.10150047225328764,CRO,CA-MA2,50.171,-97.8762,CRO
0.7012499999999999,0.2786806833604115,75.765914573674,0.034352869889899953,2.6250000125,2.9416666666666647,198.590386458204,0.0950575655619719,0.10377410519805952,GRA,PA-SPs,9.3138,-79.6314,GRA
0.72,0.33205195297566903,135.45953491138602,0.0428206195448167,2.2125000000000004,3.21875,278.7363686643205,0.10135261285127767,0.15134689859699366,CRO,US-Mo3,39.2311,-92.1497,CRO
0.52,0.179289357880557,82.9854610273946,0.0618419205441329,1.3,1.625,238.54466291682,0.12768949655537884,0.13998257326365726,CRO,IT-BCi,40.5237,14.9574,CRO
0.58,0.184029448144624,93.603453553254,0.0340017237540464,1.6,2.1,293.883441281909,0.09651523563480921,0.1188359902377294,CRO,US-CF3,46.7551,-117.1261,CRO
0.8925,0.226698530440868,37.5120326324202,0.0476316577541004,5.8000002,5.1,155.83333333304,0.044209819355000755,0.039294031457007265,ENF,AR-Vir,-28.2395,-56.1886,ENF
0.6875,0.2773797702276505,124.2689805412905,0.051134503560938696,2.200000025,2.7,302.470572684375,0.105701872405855,0.12790744579452407,CRO,CA-ER1,43.6405,-80.4123,CRO
0.36,0.133697663022993,52.3006253103655,0.0356305714141458,0.9,1.45,142.985825520716,0.09331600569675716,0.13211695464597298,ENF,US-GBT,41.3658,-106.2397,ENF
0.375,0.0984440552016985,17.7143015325945,0.0399080141325157,0.675,1.275,64.5761640625,0.07721102368760667,0.1415135734072023,ENF,US-xDJ,63.8811,-145.7514,ENF
0.8525,0.306127529411765,105.156129522978,0.0301176158464021,4.75,5.2,287.28940625,0.061617762249827505,0.0715632821453128,DBF,US-xUK,39.0404,-95.1921,DBF
0.8125,0.307291937581274,70.6229130550162,0.0368049074170036,4.1,5.45,186.695165625,0.059259825671903785,0.07784716327851829,MF,US-xUN,46.2339,-89.5373,MF
0.635,0.220483446540881,120.467622077346,0.0291445143341967,2.100000075,1.7875,341.20758793875,0.12293062821997658,0.10056603773584884,WET,US-Myb,38.0499,-121.765,WET
0.6825,0.2030726080504225,45.46513599067545,0.032459367505408204,1.3750000625,1.5812499999999998,152.2950957306075,0.12945057894662826,0.14462592010710656,CRO,IT-CA2,42.3772,12.026,CRO
0.3975,0.128697004160888,26.678253510617,0.0548427105047544,0.9,0.9625,91.026636875,0.12310787508086775,0.14671134677141975,ENF,CA-TP1,42.6609,-80.5595,ENF
0.27,0.081727569741141,42.0011165966753,0.03832783577299,0.525,0.9,138.058391617708,0.09966458480947032,0.14620001599488167,SAV,US-LS2,31.5659,-110.1344,SAV
0.34,0.08945538281690045,9.91577494381261,0.06046615776376785,0.6,0.91875,39.70833593230125,0.09779745724155707,0.1383720244577877,ENF,FI-Sod,67.3624,26.6386,ENF
0.455,0.126252044081052,28.5196027285254,0.0189347473245063,0.9,1.15,114.14434617,0.1163223783241345,0.15089438161909888,GRA,AU-Ync,-34.9893,146.2907,GRA
0.63,0.187149486244614,34.1268505681536,0.02292855385785,1.8375000375,1.8125,120.16552625,0.10697939870569352,0.10021109042002889,OSH,CA-NS6,55.9167,-98.9644,OSH
0.45,0.135936428571429,22.7848015231,0.0402907234924912,1.05,1.225,81.0754180730725,0.11190686864156245,0.1301507460390709,GRA,RU-Ha1,54.7252,90.0022,GRA
0.62625,0.185283819201493,42.59649924275535,0.047004449881639696,2.0,3.21875,140.45806317708298,0.05737013072877964,0.09183026466314825,ENF,CA-SF2,54.2539,-105.8775,ENF
0.535,0.2134201634275615,98.5972943569267,0.0351740709806671,1.3750000625,1.25625,248.0993983419875,0.1723132912853595,0.15943541004672698,SAV,SN-Dhr,15.4028,-15.4322,SAV
0.615,0.130940734949179,43.7349962006915,0.0276801244461845,1.7000001,2.625,185.458715416667,0.05220190315247352,0.07287556468172467,ENF,US-NR1,40.0329,-105.5464,ENF
0.794375,0.173377040016784,31.2995755967684,0.0271293181722937,2.68125001875,2.9375,157.963880078125,0.05911681579597426,0.06541693957056136,ENF,US-xTA,32.9505,-87.3933,ENF
0.625,0.0971492833517089,8.39010210425213,0.0302696964058931,1.2,1.8,51.0670594125,0.05426960544217676,0.08119274793224177,WET,DE-SfN,47.8064,11.3275,WET
0.13,0.0517442323711098,26.07670666130815,0.0162130241088038,0.2,0.2,66.87103627335969,0.22949070533281174,0.25009475389373614,OSH,US-Ses,34.3349,-106.7442,OSH
0.689745,0.24437043995278002,39.33974063866055,0.034908615787535596,1.9,2.28125,113.9883085243055,0.10807851762732137,0.1259144303492228,WET,UK-AMo,55.792545,-3.2436917,WET
0.6741666666666666,0.15171838048797898,17.47696923428535,0.06394344748639269,1.7875000375,2.625,78.26902081770834,0.05815459225526097,0.0827762353479535,ENF,SE-Htm,56.09763,13.41897,ENF
0.46125,0.0883541233964569,9.32713698085485,0.0640069432772634,0.775,1.25,46.87069630875,0.06902714283764788,0.10718850518850513,DBF,IT-BFt,45.197754,10.741966,DBF
0.605,0.210662247344981,35.4916040146019,0.0351033474755553,1.8875000875,3.05,127.9526133925,0.06981971517834909,0.1179816399693308,ENF,US-NC3,35.799,-76.656,ENF
0.7794444444444445,0.18389652775502502,49.717020542618755,0.01865026220431935,2.470833383333335,2.25,209.2578943097605,0.08150886947445928,0.06937260509906168,DBF,US-Rpf,65.1198,-147.429,DBF
0.2875,0.0703126484795102,12.7568599303585,0.018859111924060402,0.33125000000000004,0.4,51.6079761492725,0.16101178535787272,0.19992498735673803,OSH,ES-Amo,36.8336,-2.2523,OSH
